"rule","comparison","metric","mean_diff","ci_low","ci_high","d_z","wilcoxon_p","p_holm"
"volkan","PFP - Saturn","zpd",0.147033336,0.1341718703,0.159960833625,0.709978534344233,1.02759608466808e-67,1.43863451853532e-66
"volkan","PFP - Saturn","zpd_40_60",0.167999994,0.155499783775,0.180408528225,0.842146495021811,1.68208644167342e-86,2.85954695084482e-85
"volkan","PFP - Saturn","zpd_60_80",0.093841668,0.079348958375,0.107638356275,0.408363554334403,1.21307673266756e-24,1.21307673266756e-23
"volkan","PFP - Saturn","zpd_40_80",0.261841666,0.24400813395,0.2801925227,0.885760197545417,1.79245906944688e-95,3.58491813889376e-94
"volkan","PFP - Saturn","zpd_40_70",0.232366669,0.21669541675,0.24891687625,0.893021287295814,5.59284038235266e-95,1.062639672647e-93
"volkan","PFP - Saturn","bored",-0.172366659,-0.181335824975,-0.163390197725,-1.18247552292766,3.32840690671857e-132,7.98817657612456e-131
"volkan","PFP - Saturn","frustr",-0.152316679,-0.16166688735,-0.142958128,-0.980025449602612,1.60871472111888e-107,3.70004385857341e-106
"volkan","PFP - Saturn","mean_p",0.00158731,-0.000763972649999999,0.004105457425,0.0397082966428623,0.126271618832565,0.505086475330261
"volkan","PFP - Saturn","gain",0.00996,-0.006401,0.026361,0.0378148983103914,0.218564492583358,0.505086475330261
"volkan","PFP - Saturn","track",-0.97717903,-0.988101917575,-0.9662605397,-5.52755417936016,3.33085391241946e-165,9.99256173725837e-164
"volkan","PFP - Factory","zpd",0.080841661,0.0565041525,0.105158540425,0.206523383149523,3.02165564150704e-10,2.11515894905493e-09
"volkan","PFP - Factory","zpd_40_60",0.129866678,0.11231647565,0.14735896115,0.454442803554971,1.71810287832606e-37,2.06172345399127e-36
"volkan","PFP - Factory","zpd_60_80",0.000299999000000002,-0.028851870875,0.027351254075,0.000671540618564185,0.400915595395464,0.505086475330261
"volkan","PFP - Factory","zpd_40_80",0.130166677,0.097397091375,0.158408961125,0.26713386536038,5.27845993046539e-10,3.16707595827924e-09
"volkan","PFP - Factory","zpd_40_70",0.158716669,0.1325247865,0.1860099977,0.366271422257735,8.19752816138556e-27,9.01728097752411e-26
"volkan","PFP - Factory","bored",-0.225575015,-0.248235022575,-0.202332514625,-0.634028526279461,1.14450690977361e-56,1.4878589827057e-55
"volkan","PFP - Factory","frustr",0.061700005,0.0559062587,0.0675427103,0.674252786976539,2.83039684311781e-79,4.24559526467671e-78
"volkan","PFP - Factory","mean_p",-0.140665072,-0.14630003695,-0.1349089231,-1.54453350190836,2.40392435453613e-148,6.73098819270115e-147
"volkan","PFP - Factory","gain",-0.67188,-0.702164,-0.641917,-1.41846107648057,9.5166210570435e-145,2.47432147483131e-143
"volkan","PFP - Factory","track",-0.593737078,-0.6352478716,-0.55261452,-0.927055910346787,8.55790067258061e-97,1.79715914124193e-95
"volkan","PFP - CAT","zpd",-0.057000002,-0.07831815185,-0.037208356025,-0.177543767108472,1.72835842585516e-06,8.6417921292758e-06
"volkan","PFP - CAT","zpd_40_60",0.221266678,0.205749386125,0.236075661025,0.914415739392573,2.73969382262557e-99,6.02732640977626e-98
"volkan","PFP - CAT","zpd_60_80",-0.500208327,-0.51777499305,-0.4823927207,-1.71545046163433,3.02382608802698e-157,8.76909565527824e-156
"volkan","PFP - CAT","zpd_40_80",-0.278941658,-0.302284992625,-0.255549352775,-0.75522311493268,6.64622805592961e-80,1.06339648894874e-78
"volkan","PFP - CAT","zpd_40_70",0.079891664,0.0569704276,0.1021541731,0.218348684316723,1.33902360686181e-12,1.07121888548945e-11
"volkan","PFP - CAT","bored",0.012816671,0.0057072933,0.0203589601,0.104350568432519,0.143098508521487,0.505086475330261
"volkan","PFP - CAT","frustr",0.220916669,0.20262478475,0.2401343784,0.727001948003357,5.65083743197637e-91,1.01715073775575e-89
"volkan","PFP - CAT","mean_p",-0.227302529,-0.238247375375,-0.21660115035,-1.31554665894091,9.27140868081188e-146,2.50328034381921e-144
"volkan","PFP - CAT","gain",-1.10004,-1.152167,-1.049716,-1.3068467230716,1.54905107077524e-144,3.87262767693809e-143
"volkan","PFP - CAT","track",-0.124194003,-0.16016831105,-0.08704060905,-0.220727560949455,1.35396701835046e-23,1.21857031651542e-22
"difficulty","PFP - Saturn","zpd",0.234641659,0.2233218554,0.246708935475,1.23015186951738,3.63662985595701e-131,7.27325971191402e-130
"difficulty","PFP - Saturn","zpd_40_60",0.231350019,0.219840441625,0.242000408125,1.25550748752607,9.25214440728309e-132,1.94295032552945e-130
"difficulty","PFP - Saturn","zpd_60_80",0.154849985,0.140946457,0.16890893595,0.677553896152941,1.73135874080785e-67,2.77017398529256e-66
"difficulty","PFP - Saturn","zpd_40_80",0.386200001,0.37043248835,0.401260401275,1.52025763625918,5.69766653970815e-146,1.31046330413287e-144
"difficulty","PFP - Saturn","zpd_40_70",0.338833331,0.325116664825,0.35245831295,1.48867182327965,1.7033031483841e-145,3.74726692644501e-144
"difficulty","PFP - Saturn","bored",-0.211399992,-0.2197518489,-0.203523950075,-1.61570071502156,3.72729473717528e-146,8.94550736922067e-145
"difficulty","PFP - Saturn","frustr",-0.222008339,-0.229650427575,-0.21405729075,-1.74423444306842,4.28827817361474e-147,1.07206954340368e-145
"difficulty","PFP - Saturn","mean_p",0.014709398,0.01287415785,0.01658199415,0.499387557711112,8.04555862993796e-46,8.85011449293175e-45
"difficulty","PFP - Saturn","gain",0.173371653,0.16933134295,0.1773630921,2.7385540579796,5.13183013001694e-165,1.48823073770491e-163
"difficulty","PFP - Saturn","track",-0.995107245,-1.0036292667,-0.9860214295,-6.93885913324085,3.33085578663341e-165,9.99256735990022e-164
"difficulty","PFP - Factory","zpd",0.027733314,0.006066233675,0.0503508077,0.076235432660852,0.0122409070171001,0.0367227210513004
"difficulty","PFP - Factory","zpd_40_60",0.096591657,0.076980414675,0.116248108925,0.306584065236192,3.30053164145317e-19,2.31037214901722e-18
"difficulty","PFP - Factory","zpd_60_80",-0.071783354,-0.09246730015,-0.0500329295,-0.203853051869493,2.2151181017412e-10,8.8604724069648e-10
"difficulty","PFP - Factory","zpd_40_80",0.024808324,0.005133110625,0.045299995275,0.0741005551454933,0.799908861197281,0.799908861197281
"difficulty","PFP - Factory","zpd_40_70",0.091033319,0.06817477765,0.113227274675,0.248628122384873,5.61041681596723e-14,2.80520840798361e-13
"difficulty","PFP - Factory","bored",-0.086741675,-0.099104376375,-0.07463208695,-0.422756569556992,4.31565147991181e-35,3.88408633192063e-34
"difficulty","PFP - Factory","frustr",0.041749998,0.03492479845,0.048491655275,0.363828045082907,3.2707849827776e-34,2.61662798622208e-33
"difficulty","PFP - Factory","mean_p",-0.090604672,-0.093888980925,-0.087433420875,-1.73135566230007,4.92028784519516e-153,1.27927483975074e-151
"difficulty","PFP - Factory","gain",0.04806378,0.042491273775,0.053126243125,0.568855443484746,2.13683647175332e-49,2.56420376610398e-48
"difficulty","PFP - Factory","track",-0.253700884,-0.278742303075,-0.22868365055,-0.612025918584356,2.62419461271718e-55,3.41145299653234e-54
"difficulty","PFP - CAT","zpd",-0.032100024,-0.0491923065,-0.014291467775,-0.115805097286844,0.0202420755459273,0.0404841510918545
"difficulty","PFP - CAT","zpd_40_60",0.263499996,0.25066623715,0.2764171033,1.26215995546659,9.74478240547656e-130,1.85150865704055e-128
"difficulty","PFP - CAT","zpd_60_80",-0.437458356,-0.453183574125,-0.421457942075,-1.68150077456471,3.5899860000368e-157,1.0051960800103e-155
"difficulty","PFP - CAT","zpd_40_80",-0.173958345,-0.192391883675,-0.155486669375,-0.597745324021967,2.02259748221099e-58,2.83163647509538e-57
"difficulty","PFP - CAT","zpd_40_70",0.124408318,0.105972701175,0.14126852165,0.414963089013575,5.32618156167916e-38,5.32618156167916e-37
"difficulty","PFP - CAT","bored",-0.00565832,-0.0099168535,-0.000499579125000003,-0.0728621224488348,3.03570153477546e-14,1.82142092086528e-13
"difficulty","PFP - CAT","frustr",0.114016665,0.102014801725,0.126200414525,0.573775201825706,8.0689779830674e-83,1.37172625712146e-81
"difficulty","PFP - CAT","mean_p",-0.173990028,-0.1816589512,-0.166360770425,-1.40020039635915,3.96174877091186e-153,1.0696721681462e-151
"difficulty","PFP - CAT","gain",0.039067678,0.03422903835,0.04399217195,0.509496472721094,6.03357928628812e-61,9.05036892943218e-60
"difficulty","PFP - CAT","track",-0.257053094,-0.2778882267,-0.235544509875,-0.761552229598189,2.56871560099274e-90,4.62368808178693e-89
